Source File	Size	loadResources	load	generateSnapshots	load-configure	scan	loadDepInfo	loadInfo	checkR4R4B	generateNarratives	validate	loadLists	checkConformanceResources	checkConformanceResources2	checkConformanceResources3	generateLogicalMaps	validateExpressions	scanForUsageStats	checkURLsUnique	processProvenanceDetails	generate1	generate2	generateLogicals	makeDependencies	generateExampleZip	generateValidationPack	scanProfilesForR5	scanExamplesForR5
/fsh-generated/resources/ImplementationGuide-prostatecancerspec.json	117087	-	0	0	0	0	0	0	8	35	0	0	0	0	0	0	0	2	0	0	217	165	0	0	1	8	0	1
fsh-generated/resources/Bundle-CoreNeedleBiopsyDocument.json	39317	7	15	0	1	0	0	0	1	1069	0	0	0	0	0	0	0	1	0	0	83	103	0	0	0	0	0	0
fsh-generated/resources/Bundle-RadicalProstatectomyDocument.json	17569	5	3	0	0	0	0	0	1	10	0	0	0	0	0	0	0	0	0	0	37	52	0	0	0	0	0	0
fsh-generated/resources/Bundle-TransurethralEnucleationDocument.json	16126	3	3	0	0	0	0	0	0	6	0	0	0	0	0	0	0	0	0	0	50	33	0	0	0	0	0	0
fsh-generated/resources/Bundle-TransurethralResectionDocument.json	13755	3	2	0	0	0	0	0	0	7	0	0	0	0	0	0	0	0	0	0	27	26	0	0	0	0	0	0
fsh-generated/resources/Composition-CoreNeedleBiopsyComposition.json	5401	3	0	0	0	0	0	0	1	0	0	0	0	0	0	0	0	0	0	0	15	13	0	0	0	0	0	0
fsh-generated/resources/Composition-RadicalProstatectomyComposition.json	4222	3	0	0	0	0	0	0	0	1	0	0	0	0	0	0	0	0	0	0	12	11	0	0	0	0	0	0
fsh-generated/resources/Composition-TransurethralEnucleationComposition.json	3959	3	0	0	0	0	0	0	0	1	0	0	0	0	0	0	0	0	0	0	12	12	0	0	0	0	0	0
fsh-generated/resources/Composition-TransurethralResectionComposition.json	3528	3	0	0	0	0	0	0	0	1	0	0	0	0	0	0	0	0	0	0	13	11	0	0	0	0	0	0
fsh-generated/resources/Condition-CoreNeedleBiopsyDiagnosisConfirmed.json	2073	3	0	0	0	0	0	0	0	3	0	0	0	0	0	0	0	0	0	0	13	10	0	0	0	0	0	0
fsh-generated/resources/Condition-CoreNeedleBiopsyDiagnosisSuspicion.json	1530	3	0	0	0	0	0	0	0	0	0	0	0	0	0	0	0	0	0	0	11	9	0	0	0	0	0	0
fsh-generated/resources/Condition-RadicalProstatectomyDiagnosisPreOp.json	2114	3	0	0	0	0	0	0	0	1	0	0	0	0	0	0	0	0	0	0	11	9	0	0	0	0	0	0
fsh-generated/resources/Condition-TransurethralEnucleationDiagnosisBPH.json	1225	3	0	0	0	0	0	0	0	1	0	0	0	0	0	0	0	0	0	0	10	9	0	0	0	0	0	0
fsh-generated/resources/Condition-TransurethralEnucleationDiagnosisPCa.json	2207	2	0	0	0	0	0	0	0	1	0	0	0	0	0	0	0	0	0	0	12	9	0	0	0	0	0	0
fsh-generated/resources/Condition-TransurethralResectionDiagnosisBPH.json	1252	3	0	0	1	0	0	0	0	0	0	0	0	0	0	0	0	0	0	0	9	9	0	0	0	0	0	0
fsh-generated/resources/DiagnosticReport-CoreNeedleBiopsyReport.json	4429	4	0	0	0	0	0	0	0	2	0	0	0	0	0	0	0	0	0	0	15	18	0	0	0	0	0	0
fsh-generated/resources/DiagnosticReport-RadicalProstatectomyReport.json	3313	2	0	0	0	0	0	0	0	1	0	0	0	0	0	0	0	0	0	0	13	15	0	0	0	0	0	0
fsh-generated/resources/DiagnosticReport-TransurethralEnucleationReport.json	3227	3	0	0	0	0	0	0	1	1	0	0	0	0	0	0	0	0	0	0	14	13	0	0	0	0	0	0
fsh-generated/resources/DiagnosticReport-TransurethralResectionReport.json	3179	3	0	0	0	0	0	0	0	1	0	0	0	0	0	0	0	0	0	0	13	13	0	0	0	0	0	0
fsh-generated/resources/Encounter-CoreNeedleBiopsyEncounter.json	305	2	0	0	0	0	0	0	0	1	0	0	0	0	0	0	0	0	0	0	9	12	0	0	0	0	0	0
fsh-generated/resources/Encounter-RadicalProstatectomyEncounter.json	309	3	0	0	0	0	0	0	0	0	0	0	0	0	0	0	0	0	0	0	8	8	0	0	0	0	0	0
fsh-generated/resources/Encounter-TransurethralEnucleationEncounter.json	313	2	0	0	0	0	0	0	0	0	0	0	0	0	0	0	0	0	0	0	8	7	0	0	0	0	0	0
fsh-generated/resources/Encounter-TransurethralResectionEncounter.json	311	4	0	0	0	0	0	0	0	0	0	0	0	0	0	0	0	0	0	0	8	8	0	0	0	0	0	0
fsh-generated/resources/Observation-CoreNeedleBiopsyASAP.json	1256	2	0	0	0	0	0	0	0	1	0	0	0	0	0	0	0	0	0	0	10	8	0	0	0	0	0	0
fsh-generated/resources/Observation-CoreNeedleBiopsyASAP01.json	1617	3	0	0	0	0	0	0	0	7	0	0	0	0	0	0	0	0	0	0	11	10	0	0	0	0	0	0
fsh-generated/resources/Observation-CoreNeedleBiopsyASAP02.json	1618	2	0	0	0	0	0	0	0	2	0	0	0	0	0	0	0	0	0	0	14	10	0	0	0	0	0	0
fsh-generated/resources/Observation-CoreNeedleBiopsyASAP04.json	1616	3	0	0	0	0	0	0	0	1	0	0	0	0	0	0	0	0	0	0	11	10	0	0	0	0	0	0
fsh-generated/resources/Observation-CoreNeedleBiopsyASAP06.json	1615	3	0	0	0	0	0	0	0	2	0	0	0	0	0	0	0	0	0	0	13	10	0	0	0	0	0	0
fsh-generated/resources/Observation-CoreNeedleBiopsyASAP07.json	1606	2	0	0	0	0	0	0	0	2	0	0	0	0	0	0	0	0	0	0	12	9	0	0	0	0	0	0
fsh-generated/resources/Observation-CoreNeedleBiopsyASAP09.json	1605	3	0	1	1	0	0	0	0	1	0	0	0	0	0	0	0	0	0	0	13	9	0	0	0	0	0	0
fsh-generated/resources/Observation-CoreNeedleBiopsyASAP11.json	1619	3	0	0	0	0	0	0	0	1	0	0	0	0	0	0	0	0	0	0	11	10	0	0	0	0	0	0
fsh-generated/resources/Observation-CoreNeedleBiopsyClinicalMStaging.json	809	2	0	0	0	0	0	0	0	1	0	0	0	0	0	0	0	0	0	0	9	9	0	0	0	0	0	0
fsh-generated/resources/Observation-CoreNeedleBiopsyClinicalNStaging.json	829	3	0	0	0	0	0	0	0	0	0	0	0	0	0	0	0	0	0	0	10	9	0	0	0	0	0	0
fsh-generated/resources/Observation-CoreNeedleBiopsyClinicalTStaging.json	835	3	0	0	0	0	0	0	0	1	0	0	0	0	0	0	0	0	0	0	10	8	0	0	0	0	0	0
fsh-generated/resources/Observation-CoreNeedleBiopsyDiagnosticConclusionGrouper.json	4951	2	0	0	0	0	0	0	0	2	0	0	0	0	0	0	0	0	0	0	21	21	0	0	0	0	0	0
fsh-generated/resources/Observation-CoreNeedleBiopsyExtraprostaticExtensionLocation.json	1246	3	0	0	0	0	0	0	1	0	0	0	0	0	0	0	0	0	0	0	10	9	0	0	0	0	0	0
fsh-generated/resources/Observation-CoreNeedleBiopsyGleasonGrading01.json	2092	2	0	0	0	0	0	0	0	2	0	0	0	0	0	0	0	0	0	0	16	9	0	0	0	0	0	0
fsh-generated/resources/Observation-CoreNeedleBiopsyGleasonGrading02.json	1968	4	0	0	0	0	0	0	0	0	0	0	0	0	0	0	0	0	0	0	11	9	0	0	0	0	0	0
fsh-generated/resources/Observation-CoreNeedleBiopsyGleasonGrading04.json	2018	3	0	0	0	0	0	0	0	2	0	0	0	0	0	0	0	0	0	0	12	10	0	0	0	0	0	0
fsh-generated/resources/Observation-CoreNeedleBiopsyGleasonGrading06.json	1892	2	0	0	0	0	0	0	0	1	0	0	0	0	0	0	0	0	0	0	13	12	0	0	0	0	0	0
fsh-generated/resources/Observation-CoreNeedleBiopsyGleasonGrading07.json	2008	4	0	0	0	0	0	0	0	2	0	0	0	0	0	0	0	0	0	0	13	11	0	0	0	0	0	0
fsh-generated/resources/Observation-CoreNeedleBiopsyGleasonGrading09.json	1882	3	0	0	0	0	0	0	0	0	0	0	0	0	0	0	0	0	0	0	13	12	0	0	0	0	0	1
fsh-generated/resources/Observation-CoreNeedleBiopsyGleasonGrading11.json	2021	2	0	0	0	0	0	0	0	2	0	0	0	0	0	0	0	0	0	1	12	12	0	0	0	0	0	0
fsh-generated/resources/Observation-CoreNeedleBiopsyGleasonScoreTotal.json	1725	3	0	0	0	0	0	0	0	1	0	0	0	0	0	0	0	0	0	0	12	11	0	0	0	0	0	0
fsh-generated/resources/Observation-CoreNeedleBiopsyGradingGroupISUP.json	1731	3	0	0	0	0	0	0	0	0	0	0	0	0	0	0	0	0	0	0	12	11	0	0	0	0	0	0
fsh-generated/resources/Observation-CoreNeedleBiopsyGranulomatoeseProstatitis01.json	1631	3	0	0	0	0	0	0	0	1	0	0	0	0	0	0	0	0	0	0	13	11	0	0	0	0	0	0
fsh-generated/resources/Observation-CoreNeedleBiopsyGranulomatoeseProstatitis02.json	1632	3	0	0	1	0	0	0	0	1	0	0	0	0	0	0	0	0	0	0	10	11	0	0	0	0	0	0
fsh-generated/resources/Observation-CoreNeedleBiopsyGranulomatoeseProstatitis04.json	1630	2	0	0	0	0	0	0	0	1	0	0	0	0	0	0	0	0	0	0	12	12	0	0	0	0	0	0
fsh-generated/resources/Observation-CoreNeedleBiopsyGranulomatoeseProstatitis06.json	1504	3	0	0	0	0	0	0	0	0	0	0	0	0	0	0	0	0	0	0	10	9	0	0	0	0	0	0
fsh-generated/resources/Observation-CoreNeedleBiopsyGranulomatoeseProstatitis07.json	1620	2	0	0	0	0	0	0	0	1	0	0	0	0	0	0	0	0	0	0	15	11	0	0	0	0	0	0
fsh-generated/resources/Observation-CoreNeedleBiopsyGranulomatoeseProstatitis09.json	1494	3	0	0	0	0	0	0	0	0	0	0	0	0	0	0	0	0	0	0	11	10	0	0	0	0	0	0
fsh-generated/resources/Observation-CoreNeedleBiopsyGranulomatoeseProstatitis11.json	1633	3	0	0	0	0	0	0	1	1	0	0	0	0	0	0	0	0	0	0	13	10	0	0	0	0	0	0
fsh-generated/resources/Observation-CoreNeedleBiopsyGranulomatousProstatiti.json	1231	2	0	0	0	0	0	0	0	1	0	0	0	0	0	0	0	0	0	0	10	9	0	0	0	0	0	0
fsh-generated/resources/Observation-CoreNeedleBiopsyHighGradePIN.json	1241	3	0	0	0	0	0	0	0	0	0	0	0	0	0	0	0	0	0	0	8	9	0	0	0	0	0	0
fsh-generated/resources/Observation-CoreNeedleBiopsyHighGradePIN01.json	1513	3	0	0	0	0	0	0	0	0	0	0	0	0	0	0	0	0	0	0	10	18	0	0	0	0	0	0
fsh-generated/resources/Observation-CoreNeedleBiopsyHighGradePIN02.json	1640	3	0	0	0	0	0	0	0	1	0	0	0	0	0	0	0	0	0	0	11	12	0	0	0	0	0	0
fsh-generated/resources/Observation-CoreNeedleBiopsyHighGradePIN04.json	1513	3	0	0	0	0	0	0	0	1	0	0	0	0	0	0	0	0	0	0	9	10	0	0	0	0	0	0
fsh-generated/resources/Observation-CoreNeedleBiopsyHighGradePIN06.json	1637	2	0	0	0	0	0	0	0	0	0	0	0	0	0	0	0	0	0	0	11	10	0	0	0	0	0	0
fsh-generated/resources/Observation-CoreNeedleBiopsyHighGradePIN07.json	1503	3	0	0	0	0	0	0	0	1	0	0	0	0	0	0	0	0	0	0	9	11	0	0	0	0	0	0
fsh-generated/resources/Observation-CoreNeedleBiopsyHighGradePIN09.json	1627	4	0	0	0	0	0	0	0	0	0	0	0	0	0	0	0	0	0	0	11	11	0	0	0	0	0	0
fsh-generated/resources/Observation-CoreNeedleBiopsyHighGradePIN11.json	1516	2	0	0	0	0	0	0	0	1	0	0	0	0	0	0	0	0	0	0	12	10	0	0	0	0	0	0
fsh-generated/resources/Observation-CoreNeedleBiopsyHistoTyp01.json	1594	3	0	0	0	0	0	0	0	1	0	0	0	0	0	0	0	0	0	0	12	12	0	0	0	0	0	0
fsh-generated/resources/Observation-CoreNeedleBiopsyHistoTyp02.json	1595	3	0	0	0	0	0	0	0	0	0	0	0	0	0	0	0	0	0	0	11	12	0	0	0	0	0	0
fsh-generated/resources/Observation-CoreNeedleBiopsyHistoTyp03.json	1606	3	0	0	0	0	0	0	0	1	0	0	0	0	0	0	0	0	0	0	11	13	0	0	0	0	0	0
fsh-generated/resources/Observation-CoreNeedleBiopsyHistoTyp04.json	1593	3	0	0	1	0	0	0	0	1	0	0	0	0	0	0	0	0	0	0	11	12	0	0	0	0	0	0
fsh-generated/resources/Observation-CoreNeedleBiopsyHistoTyp05.json	1607	3	0	0	0	0	0	0	0	0	0	0	0	0	0	0	0	0	0	0	10	12	0	0	0	0	0	0
fsh-generated/resources/Observation-CoreNeedleBiopsyHistoTyp06.json	1592	4	0	0	0	0	0	0	0	1	0	0	0	0	0	0	0	0	0	0	12	13	0	0	0	0	0	0
fsh-generated/resources/Observation-CoreNeedleBiopsyHistoTyp07.json	1583	2	0	0	0	0	0	0	0	1	0	0	0	0	0	0	0	0	0	0	10	15	0	0	0	0	0	0
fsh-generated/resources/Observation-CoreNeedleBiopsyHistoTyp08.json	1597	3	0	0	0	0	0	0	0	1	0	0	0	0	0	0	0	0	0	0	11	12	0	0	0	0	0	0
fsh-generated/resources/Observation-CoreNeedleBiopsyHistoTyp09.json	1582	3	0	0	0	0	0	0	0	0	0	0	0	0	0	0	0	0	0	0	11	12	0	0	0	0	0	0
fsh-generated/resources/Observation-CoreNeedleBiopsyHistoTyp10.json	1608	2	0	0	0	0	0	0	0	1	0	0	0	0	0	0	0	0	0	0	11	13	0	0	0	0	0	0
fsh-generated/resources/Observation-CoreNeedleBiopsyHistoTyp11.json	1596	3	0	0	0	0	0	0	1	1	0	0	0	0	0	0	0	0	0	0	11	11	0	0	0	0	0	0
fsh-generated/resources/Observation-CoreNeedleBiopsyHistoTyp12.json	1607	3	0	0	0	0	0	0	0	0	0	0	0	0	0	0	0	0	0	0	10	13	0	0	0	0	0	0
fsh-generated/resources/Observation-CoreNeedleBiopsyHistologicalGradeWHO.json	1222	3	0	0	0	0	0	0	0	1	0	0	0	0	0	0	0	0	0	0	9	11	0	0	0	0	0	0
fsh-generated/resources/Observation-CoreNeedleBiopsyHistologicalTypeICDO3.json	1246	2	0	0	0	0	0	0	0	0	0	0	0	0	0	0	0	0	0	0	10	11	0	0	0	0	0	0
fsh-generated/resources/Observation-CoreNeedleBiopsyICDOVersion.json	1273	3	0	0	0	0	0	0	0	0	0	0	0	0	0	0	0	0	0	0	9	11	0	0	0	0	0	0
fsh-generated/resources/Observation-CoreNeedleBiopsyIntraductalCarcinoma.json	1276	3	0	0	0	0	0	0	0	1	0	0	0	0	0	0	0	0	0	0	10	10	0	0	0	0	0	0
fsh-generated/resources/Observation-CoreNeedleBiopsyIntraduktalesKarzinom01.json	1638	2	0	0	0	0	0	0	0	0	0	0	0	0	0	0	0	0	0	0	11	12	0	0	0	0	0	0
fsh-generated/resources/Observation-CoreNeedleBiopsyIntraduktalesKarzinom02.json	1638	3	0	0	0	0	0	0	0	1	0	0	0	0	0	0	0	0	0	0	16	10	0	0	0	0	0	0
fsh-generated/resources/Observation-CoreNeedleBiopsyIntraduktalesKarzinom04.json	1636	3	0	0	0	0	0	0	0	1	0	0	0	0	0	0	0	0	0	0	11	10	0	0	0	0	0	0
fsh-generated/resources/Observation-CoreNeedleBiopsyIntraduktalesKarzinom06.json	1636	3	0	0	0	0	0	0	0	1	0	0	0	0	0	0	0	0	0	0	10	10	0	0	0	0	0	0
fsh-generated/resources/Observation-CoreNeedleBiopsyIntraduktalesKarzinom07.json	1626	3	0	0	0	0	0	0	0	1	0	0	0	0	0	0	0	0	0	0	10	9	0	0	0	0	0	0
fsh-generated/resources/Observation-CoreNeedleBiopsyIntraduktalesKarzinom09.json	1626	3	0	0	1	0	0	0	0	0	0	0	0	0	0	0	0	0	0	0	11	8	0	0	0	0	0	0
fsh-generated/resources/Observation-CoreNeedleBiopsyIntraduktalesKarzinom11.json	1515	4	0	0	0	0	0	0	0	1	0	0	0	0	0	0	0	1	0	0	10	9	0	0	0	0	0	0
fsh-generated/resources/Observation-CoreNeedleBiopsyLymphovascularInvasion.json	1281	2	0	0	0	0	0	0	0	0	0	0	0	0	0	0	0	0	0	0	10	8	0	0	0	0	0	0
fsh-generated/resources/Observation-CoreNeedleBiopsyLymphovaskulaereInvasion01.json	1644	3	0	0	0	0	0	0	0	1	0	0	0	0	0	0	0	0	0	0	10	9	0	0	0	0	0	0
fsh-generated/resources/Observation-CoreNeedleBiopsyLymphovaskulaereInvasion02.json	1645	3	0	0	0	0	0	0	0	0	0	0	0	0	0	0	0	0	0	0	13	11	0	0	0	0	0	0
fsh-generated/resources/Observation-CoreNeedleBiopsyLymphovaskulaereInvasion04.json	1642	2	0	0	0	0	0	0	0	1	0	0	0	0	0	0	0	0	0	0	13	13	0	0	0	0	0	0
fsh-generated/resources/Observation-CoreNeedleBiopsyLymphovaskulaereInvasion06.json	1642	3	0	0	0	0	0	0	0	0	0	0	0	0	0	0	0	0	0	0	16	11	0	0	0	0	0	0
fsh-generated/resources/Observation-CoreNeedleBiopsyLymphovaskulaereInvasion07.json	1632	3	0	0	0	0	0	0	0	1	0	0	0	0	0	0	0	0	0	0	15	11	0	0	0	0	0	0
fsh-generated/resources/Observation-CoreNeedleBiopsyLymphovaskulaereInvasion09.json	1632	3	0	0	0	0	0	0	0	1	0	0	0	0	0	0	0	0	0	0	13	11	0	0	0	0	0	0
fsh-generated/resources/Observation-CoreNeedleBiopsyLymphovaskulaereInvasion11.json	1646	3	0	0	0	0	0	0	0	0	0	0	0	0	0	0	0	0	0	0	12	10	0	0	0	0	0	0
fsh-generated/resources/Observation-CoreNeedleBiopsyMacroscopicCylinderCount01.json	1612	3	0	0	0	0	0	0	1	7	0	0	0	0	0	0	0	0	0	0	11	10	0	0	0	0	0	0
fsh-generated/resources/Observation-CoreNeedleBiopsyMacroscopicCylinderCount02.json	1630	3	0	0	0	0	0	0	0	2	0	0	0	0	0	0	0	0	0	0	12	10	0	0	0	0	0	0
fsh-generated/resources/Observation-CoreNeedleBiopsyMacroscopicCylinderCount03.json	1613	2	0	0	0	0	0	0	0	1	0	0	0	0	0	0	0	0	0	0	12	11	0	0	0	0	0	0
fsh-generated/resources/Observation-CoreNeedleBiopsyMacroscopicCylinderCount04.json	1626	3	0	0	0	0	0	0	0	1	0	0	0	0	0	0	0	0	0	0	12	10	0	0	0	0	0	0
fsh-generated/resources/Observation-CoreNeedleBiopsyMacroscopicCylinderCount05.json	1622	3	0	0	0	0	0	0	0	1	0	0	0	0	0	0	0	0	0	0	11	8	0	0	0	0	0	0
fsh-generated/resources/Observation-CoreNeedleBiopsyMacroscopicCylinderCount06.json	1636	3	0	0	0	0	0	0	0	2	0	0	0	0	0	0	0	0	0	0	11	10	0	0	0	0	0	0
fsh-generated/resources/Observation-CoreNeedleBiopsyMacroscopicCylinderCount07.json	1611	3	0	0	0	0	0	0	0	1	0	0	0	0	0	0	0	0	0	0	11	9	0	0	0	0	0	0
fsh-generated/resources/Observation-CoreNeedleBiopsyMacroscopicCylinderCount08.json	1629	3	0	0	0	0	0	0	0	1	0	0	0	0	0	0	0	0	0	0	11	9	0	0	0	0	0	0
fsh-generated/resources/Observation-CoreNeedleBiopsyMacroscopicCylinderCount09.json	1573	2	0	0	0	0	0	0	0	1	0	0	0	0	0	0	0	0	0	0	11	10	0	0	0	0	0	0
fsh-generated/resources/Observation-CoreNeedleBiopsyMacroscopicCylinderCount10.json	1625	3	0	0	1	0	0	0	0	1	0	0	0	0	0	0	0	0	0	0	11	9	0	0	0	0	0	0
fsh-generated/resources/Observation-CoreNeedleBiopsyMacroscopicCylinderCount11.json	1621	3	0	0	0	0	0	0	0	4	0	0	0	0	0	0	0	0	0	0	10	9	0	0	0	0	0	0
fsh-generated/resources/Observation-CoreNeedleBiopsyMacroscopicCylinderCount12.json	1635	2	0	0	0	0	0	0	0	1	0	0	0	0	0	0	0	0	0	0	16	10	0	0	0	0	0	0
fsh-generated/resources/Observation-CoreNeedleBiopsyMacroscopicGrouper.json	4490	3	0	0	0	0	0	0	0	0	0	0	0	0	0	0	0	0	0	0	18	19	0	0	0	0	0	0
fsh-generated/resources/Observation-CoreNeedleBiopsyMacroscopicLaterality01.json	1515	3	0	0	0	0	0	0	0	1	0	0	0	0	0	0	0	0	0	0	12	10	0	0	0	0	0	0
fsh-generated/resources/Observation-CoreNeedleBiopsyMacroscopicLaterality02.json	1533	3	0	0	0	0	0	0	0	2	0	0	0	0	0	0	0	0	0	0	11	11	0	0	0	0	0	0
fsh-generated/resources/Observation-CoreNeedleBiopsyMacroscopicLaterality03.json	1516	2	0	0	0	0	0	0	0	0	0	0	0	0	0	0	0	0	0	0	11	9	0	0	0	0	0	0
fsh-generated/resources/Observation-CoreNeedleBiopsyMacroscopicLaterality04.json	1529	3	0	0	0	0	0	0	0	1	0	0	0	0	0	0	0	0	0	0	12	10	0	0	0	0	0	0
fsh-generated/resources/Observation-CoreNeedleBiopsyMacroscopicLaterality05.json	1525	3	0	0	0	0	0	0	0	0	0	0	0	0	0	0	0	0	0	0	10	9	0	0	0	0	0	0
fsh-generated/resources/Observation-CoreNeedleBiopsyMacroscopicLaterality06.json	1539	2	0	0	0	0	0	0	1	1	0	0	0	0	0	0	0	0	0	0	11	9	0	0	0	0	0	0
fsh-generated/resources/Observation-CoreNeedleBiopsyMacroscopicLaterality07.json	1511	3	0	0	0	0	0	0	0	0	0	0	0	0	0	0	0	0	0	0	11	9	0	0	0	0	0	0
fsh-generated/resources/Observation-CoreNeedleBiopsyMacroscopicLaterality08.json	1529	3	0	0	0	0	0	0	0	0	0	0	0	0	0	0	0	0	0	0	12	10	0	0	0	0	0	0
fsh-generated/resources/Observation-CoreNeedleBiopsyMacroscopicLaterality09.json	1473	3	0	0	0	0	0	0	0	1	0	0	0	0	0	0	0	0	0	0	10	10	0	0	0	0	0	0
fsh-generated/resources/Observation-CoreNeedleBiopsyMacroscopicLaterality10.json	1525	2	0	0	0	0	0	0	0	0	0	0	0	0	0	0	0	0	0	0	11	9	0	0	0	0	0	0
fsh-generated/resources/Observation-CoreNeedleBiopsyMacroscopicLaterality11.json	1521	3	0	0	0	0	0	0	0	1	0	0	0	0	0	0	0	0	0	0	10	11	0	0	0	0	0	0
fsh-generated/resources/Observation-CoreNeedleBiopsyMacroscopicLaterality12.json	1535	3	0	0	1	0	0	0	0	0	0	0	0	0	0	0	0	0	0	0	12	13	0	0	0	0	0	0
fsh-generated/resources/Observation-CoreNeedleBiopsyMacroscopicLength01.json	1593	3	0	0	0	0	0	0	0	2	0	0	0	0	0	0	0	0	0	0	11	12	0	0	0	0	0	0
fsh-generated/resources/Observation-CoreNeedleBiopsyMacroscopicLength02.json	1611	2	0	0	0	0	0	0	0	0	0	0	0	0	0	0	0	0	0	0	10	11	0	0	0	0	0	0
fsh-generated/resources/Observation-CoreNeedleBiopsyMacroscopicLength03.json	1594	3	0	0	0	0	0	0	0	1	0	0	0	0	0	0	0	0	0	0	12	10	0	0	0	0	0	0
fsh-generated/resources/Observation-CoreNeedleBiopsyMacroscopicLength04.json	1607	3	0	0	0	0	0	0	0	1	0	0	0	0	0	0	0	0	0	0	17	10	0	0	0	0	0	0
fsh-generated/resources/Observation-CoreNeedleBiopsyMacroscopicLength05.json	1603	3	0	0	0	0	0	0	0	2	0	0	0	0	0	0	0	0	0	0	12	9	0	0	0	0	0	0
fsh-generated/resources/Observation-CoreNeedleBiopsyMacroscopicLength06.json	1617	3	0	0	0	0	0	0	0	0	0	0	0	0	0	0	0	0	0	0	12	10	0	0	0	0	0	0
fsh-generated/resources/Observation-CoreNeedleBiopsyMacroscopicLength07.json	1592	3	0	0	0	0	0	0	0	1	0	0	0	0	0	0	0	0	0	0	11	12	0	0	0	0	0	0
fsh-generated/resources/Observation-CoreNeedleBiopsyMacroscopicLength08.json	1610	3	0	0	0	0	0	0	0	1	0	0	0	0	0	0	0	0	0	0	12	10	0	0	0	0	0	0
fsh-generated/resources/Observation-CoreNeedleBiopsyMacroscopicLength09.json	1554	3	0	0	0	0	0	0	0	0	0	0	0	0	0	0	0	0	0	0	12	9	0	0	0	0	0	0
fsh-generated/resources/Observation-CoreNeedleBiopsyMacroscopicLength10.json	1606	3	0	0	0	0	0	0	0	1	0	0	0	0	0	0	0	0	0	0	12	10	0	0	0	0	0	0
fsh-generated/resources/Observation-CoreNeedleBiopsyMacroscopicLength11.json	1602	3	0	0	0	0	0	0	0	1	0	0	0	0	0	0	0	0	0	0	13	11	0	0	0	0	0	0
fsh-generated/resources/Observation-CoreNeedleBiopsyMacroscopicLength12.json	1616	2	0	0	0	0	0	0	1	0	0	0	0	0	0	0	0	0	0	0	12	11	0	0	0	0	0	0
fsh-generated/resources/Observation-CoreNeedleBiopsyMicroscopicGrouper.json	11996	4	0	0	0	0	0	0	0	2	0	0	0	0	0	0	0	0	0	0	47	51	0	0	0	0	0	0
fsh-generated/resources/Observation-CoreNeedleBiopsyMorphText01.json	1576	2	0	0	0	0	0	0	0	1	0	0	0	0	0	0	0	0	0	0	12	10	0	0	0	0	0	0
fsh-generated/resources/Observation-CoreNeedleBiopsyMorphText02.json	1400	3	0	0	0	0	0	0	0	0	0	0	0	0	0	0	0	0	0	0	11	11	0	0	0	0	0	0
fsh-generated/resources/Observation-CoreNeedleBiopsyMorphText03.json	1548	3	0	0	1	0	0	0	0	1	0	0	0	0	0	0	0	0	0	0	10	10	0	0	0	0	0	0
fsh-generated/resources/Observation-CoreNeedleBiopsyMorphText04.json	1547	2	0	0	0	0	0	0	0	0	0	0	0	0	0	0	0	0	0	0	10	9	0	0	0	0	0	0
fsh-generated/resources/Observation-CoreNeedleBiopsyMorphText05.json	1428	3	0	0	0	0	0	0	0	1	0	0	0	0	0	0	0	0	0	0	10	9	0	0	0	0	0	0
fsh-generated/resources/Observation-CoreNeedleBiopsyMorphText06.json	1445	2	0	0	0	0	0	0	0	0	0	0	0	0	0	0	0	0	0	0	10	7	0	0	0	0	0	0
fsh-generated/resources/Observation-CoreNeedleBiopsyMorphText07.json	1555	3	0	0	0	0	0	0	0	0	0	0	0	0	0	0	0	0	0	0	10	9	0	0	0	0	0	0
fsh-generated/resources/Observation-CoreNeedleBiopsyMorphText08.json	1410	3	0	0	0	0	0	0	0	0	0	0	0	0	0	0	0	0	0	0	9	8	0	0	0	0	0	0
fsh-generated/resources/Observation-CoreNeedleBiopsyMorphText09.json	1405	2	0	0	0	0	0	0	0	1	0	0	0	0	0	0	0	0	0	0	9	9	0	0	0	0	0	0
fsh-generated/resources/Observation-CoreNeedleBiopsyMorphText10.json	1548	3	0	0	0	0	0	0	0	0	0	0	0	0	0	0	0	0	0	0	10	9	0	0	0	0	0	0
fsh-generated/resources/Observation-CoreNeedleBiopsyMorphText11.json	1551	3	0	0	0	0	0	0	0	1	0	0	0	0	0	0	0	0	0	0	10	9	0	0	0	0	0	0
fsh-generated/resources/Observation-CoreNeedleBiopsyMorphText12.json	1418	2	0	0	0	0	0	0	0	0	0	0	0	0	0	0	0	0	0	0	10	9	0	0	0	0	0	0
fsh-generated/resources/Observation-CoreNeedleBiopsyMorphologyFreeText.json	1154	3	0	0	0	0	0	0	0	0	0	0	0	0	0	0	0	0	0	0	9	9	0	0	0	0	0	0
fsh-generated/resources/Observation-CoreNeedleBiopsyPercentageGleason45.json	1191	3	0	0	0	0	0	0	0	0	0	0	0	0	0	0	0	0	0	0	9	10	0	0	0	0	0	0
fsh-generated/resources/Observation-CoreNeedleBiopsyPercentageTumorTotal.json	1177	2	0	0	0	0	0	0	0	0	0	0	0	0	0	0	0	0	0	0	9	10	0	0	0	0	0	0
fsh-generated/resources/Observation-CoreNeedleBiopsyPerineuralInfiltration.json	1253	3	0	0	0	0	0	0	1	1	0	0	0	0	0	0	0	0	0	0	9	9	0	0	0	0	0	0
fsh-generated/resources/Observation-CoreNeedleBiopsyPerineuraleInfiltration01.json	1615	3	0	0	0	0	0	0	0	0	0	0	0	0	0	0	0	0	0	0	11	9	0	0	0	0	0	0
fsh-generated/resources/Observation-CoreNeedleBiopsyPerineuraleInfiltration02.json	1616	2	0	0	0	0	0	0	0	1	0	0	0	0	0	0	0	0	0	0	12	10	0	0	0	0	0	0
fsh-generated/resources/Observation-CoreNeedleBiopsyPerineuraleInfiltration04.json	1614	3	0	0	0	0	0	0	0	0	0	0	0	0	0	0	0	0	0	0	12	9	0	0	0	0	0	0
fsh-generated/resources/Observation-CoreNeedleBiopsyPerineuraleInfiltration06.json	1614	3	0	0	1	0	0	0	0	1	0	0	0	0	0	0	0	0	0	0	10	9	0	0	0	0	0	0
fsh-generated/resources/Observation-CoreNeedleBiopsyPerineuraleInfiltration07.json	1604	2	0	0	0	0	0	0	0	1	0	0	0	0	0	0	0	0	0	0	11	8	0	0	0	0	0	0
fsh-generated/resources/Observation-CoreNeedleBiopsyPerineuraleInfiltration09.json	1604	3	0	0	0	0	0	0	0	1	0	0	0	0	0	0	0	0	0	0	14	8	0	0	0	0	0	0
fsh-generated/resources/Observation-CoreNeedleBiopsyPerineuraleInfiltration11.json	1618	3	0	0	0	0	0	0	0	0	0	0	0	0	0	0	0	0	0	0	10	9	0	0	0	0	0	0
fsh-generated/resources/Observation-CoreNeedleBiopsyPeriprostataticFatInvasion.json	1283	2	0	0	0	0	0	0	0	1	0	0	0	0	0	0	0	0	0	0	11	8	0	0	0	0	0	0
fsh-generated/resources/Observation-CoreNeedleBiopsyPositiveCoresLeft.json	1314	3	0	0	0	0	0	0	0	0	0	0	0	0	0	0	0	0	0	0	11	8	0	0	0	0	0	0
fsh-generated/resources/Observation-CoreNeedleBiopsyPositiveCoresRight.json	1316	2	0	0	0	0	0	0	0	0	0	0	0	0	0	0	0	0	0	0	9	9	0	0	0	0	0	0
fsh-generated/resources/Observation-CoreNeedleBiopsyPrimaerGleason01.json	1887	3	0	0	0	0	0	0	0	1	0	0	0	0	0	0	0	0	0	0	11	8	0	0	0	0	0	0
fsh-generated/resources/Observation-CoreNeedleBiopsyPrimaerGleason02.json	1888	3	0	0	0	0	0	0	0	0	0	0	0	0	0	0	0	0	0	0	11	11	0	0	0	0	0	0
fsh-generated/resources/Observation-CoreNeedleBiopsyPrimaerGleason04.json	1886	2	0	0	0	0	0	0	0	34	0	0	0	0	0	0	0	0	0	0	11	10	0	0	0	0	0	0
fsh-generated/resources/Observation-CoreNeedleBiopsyPrimaerGleason06.json	1885	3	0	0	0	0	0	0	0	1	0	0	0	0	0	0	0	0	0	0	11	9	0	0	0	0	0	0
fsh-generated/resources/Observation-CoreNeedleBiopsyPrimaerGleason07.json	1876	3	0	0	0	0	0	0	0	1	0	0	0	0	0	0	0	0	0	0	12	8	0	0	0	0	0	0
fsh-generated/resources/Observation-CoreNeedleBiopsyPrimaerGleason09.json	1875	2	0	0	0	0	0	0	0	0	0	0	0	0	0	0	0	0	0	0	13	9	0	0	0	0	0	0
fsh-generated/resources/Observation-CoreNeedleBiopsyPrimaerGleason11.json	1889	3	0	0	0	0	0	0	0	1	0	0	0	0	0	0	0	0	0	0	11	9	0	0	0	0	0	0
fsh-generated/resources/Observation-CoreNeedleBiopsyPrimaryGleasonPattern.json	2109	3	0	0	0	0	0	0	0	0	0	0	0	0	0	0	0	0	0	0	12	10	0	0	0	0	0	0
fsh-generated/resources/Observation-CoreNeedleBiopsyProzentGleason01.json	1595	2	0	0	1	0	0	0	0	1	0	0	0	0	0	0	0	0	0	0	10	8	0	0	0	0	0	0
fsh-generated/resources/Observation-CoreNeedleBiopsyProzentGleason02.json	1596	3	0	0	0	0	0	0	1	1	0	0	0	0	0	0	0	0	0	0	11	8	0	0	0	0	0	0
fsh-generated/resources/Observation-CoreNeedleBiopsyProzentGleason04.json	1595	3	0	0	0	0	0	0	0	1	0	0	0	0	0	0	0	0	0	0	12	8	0	0	0	0	0	0
fsh-generated/resources/Observation-CoreNeedleBiopsyProzentGleason06.json	1592	2	0	0	0	0	0	0	0	0	0	0	0	0	0	0	0	0	0	0	12	9	0	0	0	0	0	0
fsh-generated/resources/Observation-CoreNeedleBiopsyProzentGleason07.json	1585	3	0	0	0	0	0	0	0	1	0	0	0	0	0	0	0	0	0	0	12	8	0	0	0	0	0	0
fsh-generated/resources/Observation-CoreNeedleBiopsyProzentGleason09.json	1583	3	0	0	0	0	0	0	0	0	0	0	0	0	0	0	0	0	0	0	11	8	0	0	0	0	0	0
fsh-generated/resources/Observation-CoreNeedleBiopsyProzentGleason11.json	1597	3	0	0	0	0	0	0	0	1	0	0	0	0	0	0	0	0	0	0	11	9	0	0	0	0	0	0
fsh-generated/resources/Observation-CoreNeedleBiopsyRatioPositiveCores.json	1265	2	0	0	0	0	0	0	0	0	0	0	0	0	0	0	0	0	0	0	9	9	0	0	0	0	0	0
fsh-generated/resources/Observation-CoreNeedleBiopsySecondaryGleasonPattern.json	2129	3	0	0	0	0	0	0	0	1	0	0	0	0	0	0	0	0	0	0	12	11	0	0	0	0	0	0
fsh-generated/resources/Observation-CoreNeedleBiopsySekundaerGleason01.json	1893	3	0	0	0	0	0	0	0	0	0	0	0	0	0	0	0	0	0	0	12	8	0	0	0	0	0	0
fsh-generated/resources/Observation-CoreNeedleBiopsySekundaerGleason02.json	1769	2	0	0	0	0	0	0	0	1	0	0	0	0	0	0	0	0	0	0	12	8	0	0	0	0	0	0
fsh-generated/resources/Observation-CoreNeedleBiopsySekundaerGleason04.json	1892	3	0	0	0	0	0	0	0	0	0	0	0	0	0	0	0	0	0	0	12	9	0	0	0	0	0	0
fsh-generated/resources/Observation-CoreNeedleBiopsySekundaerGleason06.json	1766	3	0	0	0	0	0	0	0	0	0	0	0	0	0	0	0	0	0	0	19	10	0	0	0	0	0	0
fsh-generated/resources/Observation-CoreNeedleBiopsySekundaerGleason07.json	1882	2	0	0	0	0	0	0	0	1	0	0	0	0	0	0	0	0	0	0	12	12	0	0	0	0	0	0
fsh-generated/resources/Observation-CoreNeedleBiopsySekundaerGleason09.json	1756	3	0	0	0	0	0	0	0	0	0	0	0	0	0	0	0	0	0	0	11	9	0	0	0	0	0	0
fsh-generated/resources/Observation-CoreNeedleBiopsySekundaerGleason11.json	1895	3	0	0	1	0	0	0	0	1	0	0	0	0	0	0	0	0	0	0	12	10	0	0	0	0	0	0
fsh-generated/resources/Observation-CoreNeedleBiopsySeminalVesicleInvasion.json	1278	2	0	0	0	0	0	0	0	0	0	0	0	0	0	0	0	0	0	0	11	9	0	0	0	0	0	0
fsh-generated/resources/Observation-CoreNeedleBiopsyTumorLengthTotal.json	1159	3	0	0	0	0	0	0	0	0	0	0	0	0	0	0	0	0	0	0	11	8	0	0	0	0	0	0
fsh-generated/resources/Observation-CoreNeedleBiopsyTumoranteil01.json	1591	4	0	0	0	0	0	0	0	1	0	0	0	0	0	0	0	0	0	0	13	10	0	0	0	0	0	0
fsh-generated/resources/Observation-CoreNeedleBiopsyTumoranteil02.json	1592	2	0	0	0	0	0	0	1	0	0	0	0	0	0	0	0	0	0	0	11	9	0	0	0	0	0	0
fsh-generated/resources/Observation-CoreNeedleBiopsyTumoranteil04.json	1590	3	0	0	0	0	0	0	0	1	0	0	0	0	0	0	0	0	0	0	12	8	0	0	0	0	0	0
fsh-generated/resources/Observation-CoreNeedleBiopsyTumoranteil06.json	1589	3	0	0	0	0	0	0	0	0	0	0	0	0	0	0	0	0	0	0	11	9	0	0	0	0	0	0
fsh-generated/resources/Observation-CoreNeedleBiopsyTumoranteil07.json	1580	2	0	0	0	0	0	0	0	1	0	0	0	0	0	0	0	0	0	0	12	10	0	0	0	0	0	0
fsh-generated/resources/Observation-CoreNeedleBiopsyTumoranteil09.json	1579	3	0	0	0	0	0	0	0	0	0	0	0	0	0	0	0	0	0	0	12	10	0	0	0	0	0	0
fsh-generated/resources/Observation-CoreNeedleBiopsyTumoranteil11.json	1593	2	0	0	0	0	0	0	0	1	0	0	0	0	0	0	0	0	0	0	12	10	0	0	0	0	0	0
fsh-generated/resources/Observation-CoreNeedleBiopsyTumorbefallinLaenge01.json	1522	3	0	0	0	0	0	0	0	0	0	0	0	0	0	0	0	0	0	0	11	11	0	0	0	0	0	0
fsh-generated/resources/Observation-CoreNeedleBiopsyTumorbefallinLaenge02.json	1523	3	0	0	0	0	0	0	0	1	0	0	0	0	0	0	0	0	0	0	10	9	0	0	0	0	0	0
fsh-generated/resources/Observation-CoreNeedleBiopsyTumorbefallinLaenge04.json	1522	2	0	0	0	0	0	0	0	0	0	0	0	0	0	0	0	0	0	0	11	10	0	0	0	0	0	0
fsh-generated/resources/Observation-CoreNeedleBiopsyTumorbefallinLaenge06.json	1520	3	0	0	0	0	0	0	0	1	0	0	0	0	0	0	0	0	0	0	11	10	0	0	0	0	0	0
fsh-generated/resources/Observation-CoreNeedleBiopsyTumorbefallinLaenge07.json	1512	3	0	0	1	0	0	0	0	0	0	0	0	0	0	0	0	0	0	0	11	11	0	0	0	0	0	0
fsh-generated/resources/Observation-CoreNeedleBiopsyTumorbefallinLaenge09.json	1510	2	0	0	0	0	0	0	0	1	0	0	0	0	0	0	0	0	0	0	11	9	0	0	0	0	0	0
fsh-generated/resources/Observation-CoreNeedleBiopsyTumorbefallinLaenge11.json	1524	3	0	0	0	0	0	0	0	0	0	0	0	0	0	0	0	0	0	0	11	9	0	0	0	0	0	0
fsh-generated/resources/Observation-CoreNeedleBiopsyTumornachweisInFettgewebe01.json	1644	3	0	0	0	0	0	0	0	1	0	0	0	0	0	0	0	0	0	0	13	10	0	0	0	0	0	0
fsh-generated/resources/Observation-CoreNeedleBiopsyTumornachweisInFettgewebe02.json	1645	2	0	0	0	0	0	0	0	0	0	0	0	0	0	0	0	0	0	0	11	10	0	0	0	0	0	0
fsh-generated/resources/Observation-CoreNeedleBiopsyTumornachweisInFettgewebe04.json	1643	3	0	0	0	0	0	0	0	1	0	0	0	0	0	0	0	0	0	0	12	10	0	0	0	0	0	0
fsh-generated/resources/Observation-CoreNeedleBiopsyTumornachweisInFettgewebe06.json	1642	3	0	0	0	0	0	0	0	0	0	0	0	0	0	0	0	0	0	0	12	10	0	0	0	0	0	0
fsh-generated/resources/Observation-CoreNeedleBiopsyTumornachweisInFettgewebe07.json	1632	2	0	0	0	0	0	0	0	1	0	0	0	0	0	0	0	0	0	0	12	10	0	0	0	0	0	0
fsh-generated/resources/Observation-CoreNeedleBiopsyTumornachweisInFettgewebe09.json	1632	3	0	0	0	0	0	0	0	0	0	0	0	0	0	0	0	0	0	0	12	10	0	0	0	0	0	0
fsh-generated/resources/Observation-CoreNeedleBiopsyTumornachweisInFettgewebe11.json	1646	2	0	0	0	0	0	0	1	1	0	0	0	0	0	0	0	0	0	0	12	10	0	0	0	0	0	0
fsh-generated/resources/Observation-CoreNeedleBiopsyTumornachweisinSamenblase01.json	1642	3	0	0	0	0	0	0	0	0	0	0	0	0	0	0	0	0	0	0	20	11	0	0	0	0	0	0
fsh-generated/resources/Observation-CoreNeedleBiopsyTumornachweisinSamenblase02.json	1643	3	0	0	0	0	0	0	0	0	0	0	0	0	0	0	0	0	0	0	12	9	0	0	0	0	0	0
fsh-generated/resources/Observation-CoreNeedleBiopsyTumornachweisinSamenblase04.json	1641	2	0	0	0	0	0	0	0	1	0	0	0	0	0	0	0	0	0	0	12	12	0	0	0	0	0	0
fsh-generated/resources/Observation-CoreNeedleBiopsyTumornachweisinSamenblase06.json	1640	3	0	0	0	0	0	0	0	0	0	0	0	0	0	0	0	0	0	0	12	10	0	0	0	0	0	0
fsh-generated/resources/Observation-CoreNeedleBiopsyTumornachweisinSamenblase07.json	1631	3	0	0	1	0	0	0	0	1	0	0	0	0	0	0	0	0	0	0	12	11	0	0	0	0	0	0
fsh-generated/resources/Observation-CoreNeedleBiopsyTumornachweisinSamenblase09.json	1630	2	0	0	0	0	0	0	0	0	0	0	0	0	0	0	0	0	0	0	16	9	0	0	0	0	0	0
fsh-generated/resources/Observation-CoreNeedleBiopsyTumornachweisinSamenblase11.json	1644	3	0	0	0	0	0	0	0	1	0	0	0	0	0	0	0	0	0	0	11	11	0	0	0	0	0	0
fsh-generated/resources/Observation-CoreNeedleBiopsyVerhaeltnisPositiverStanzen01.json	1503	3	0	0	0	0	0	0	0	0	0	0	0	0	0	0	0	0	0	0	10	10	0	0	0	0	0	0
fsh-generated/resources/Observation-CoreNeedleBiopsyVerhaeltnisPositiverStanzen02.json	1504	3	0	0	0	0	0	0	0	0	0	0	0	0	0	0	0	0	0	0	9	11	0	0	0	0	0	0
fsh-generated/resources/Observation-CoreNeedleBiopsyVerhaeltnisPositiverStanzen04.json	1502	2	0	0	0	0	0	0	0	1	0	0	0	0	0	0	0	1	0	0	10	10	0	0	0	0	0	0
fsh-generated/resources/Observation-CoreNeedleBiopsyVerhaeltnisPositiverStanzen06.json	1501	3	0	0	0	0	0	0	0	0	0	0	0	0	0	0	0	0	0	0	10	12	0	0	0	0	0	0
fsh-generated/resources/Observation-CoreNeedleBiopsyVerhaeltnisPositiverStanzen07.json	1492	2	0	0	0	0	0	0	0	1	0	0	0	0	0	0	0	0	0	0	10	11	0	0	0	0	0	0
fsh-generated/resources/Observation-CoreNeedleBiopsyVerhaeltnisPositiverStanzen09.json	1491	3	0	0	0	0	0	0	0	0	0	0	0	0	0	0	0	0	0	0	11	10	0	0	0	0	0	0
fsh-generated/resources/Observation-CoreNeedleBiopsyVerhaeltnisPositiverStanzen11.json	1505	3	0	0	0	0	0	0	0	0	0	0	0	0	0	0	0	0	0	0	9	10	0	0	0	0	0	0
fsh-generated/resources/Observation-PSAPreCoreNeedleBiopsy.json	1283	2	0	0	0	0	0	0	0	1	0	0	0	0	0	0	0	0	0	0	9	10	0	0	0	0	0	0
fsh-generated/resources/Observation-RadicalProstatectomyBladderNeckInvasion.json	1456	3	0	0	0	0	0	0	0	1	0	0	0	0	0	0	0	0	0	0	9	12	0	0	0	0	0	0
fsh-generated/resources/Observation-RadicalProstatectomyDiagnosticConclusionGrouper.json	3640	3	0	0	0	0	0	0	0	1	0	0	0	0	0	0	0	0	0	0	16	16	0	0	0	0	0	0
fsh-generated/resources/Observation-RadicalProstatectomyExtraprostaticExtension.json	1533	2	0	0	0	0	0	0	0	0	0	0	0	0	0	0	0	0	0	0	10	10	0	0	0	0	0	0
fsh-generated/resources/Observation-RadicalProstatectomyGleasonScoreTotal.json	1827	3	0	0	0	0	0	0	0	1	0	0	0	0	0	0	0	0	0	0	10	11	0	0	0	0	0	0
fsh-generated/resources/Observation-RadicalProstatectomyGradingGroupISUP.json	1940	2	0	0	0	0	0	0	1	1	0	0	0	0	0	0	0	0	0	0	11	10	0	0	0	0	0	0
fsh-generated/resources/Observation-RadicalProstatectomyHistologicalTypeICDO3.json	1461	3	0	0	1	0	0	0	0	1	0	0	0	0	0	0	0	0	0	0	10	10	0	0	0	0	0	0
fsh-generated/resources/Observation-RadicalProstatectomyICDOVersion.json	1322	3	0	0	0	0	0	0	0	1	0	0	0	0	0	0	0	0	0	0	9	11	0	0	0	0	0	0
fsh-generated/resources/Observation-RadicalProstatectomyIntraductalCarcinoma.json	1488	2	0	0	0	0	0	0	0	0	0	0	0	0	0	0	0	0	0	0	10	8	0	0	0	0	0	0
fsh-generated/resources/Observation-RadicalProstatectomyInvasiveCribriformCarcinoma.json	1531	3	0	0	0	0	0	0	0	1	0	0	0	0	0	0	0	0	0	0	9	10	0	0	0	0	0	0
fsh-generated/resources/Observation-RadicalProstatectomyLymphNodesExamined.json	1331	3	0	0	0	0	0	0	0	1	0	0	0	0	0	0	0	0	0	0	11	9	0	0	0	0	0	0
fsh-generated/resources/Observation-RadicalProstatectomyLymphNodesPositive.json	1350	2	0	0	0	0	0	0	0	0	0	0	0	0	0	0	0	0	0	0	10	10	0	0	0	0	0	0
fsh-generated/resources/Observation-RadicalProstatectomyLymphovascularInvasion.json	1493	3	0	0	0	0	0	0	0	1	0	0	0	0	0	0	0	0	0	0	14	9	0	0	0	0	0	0
fsh-generated/resources/Observation-RadicalProstatectomyMacroscopicGrouper.json	2214	2	0	0	0	0	0	0	0	1	0	0	0	0	0	0	0	0	0	0	12	10	0	0	0	0	0	0
fsh-generated/resources/Observation-RadicalProstatectomyMacroscopicLymphNodesLaterality.json	1599	3	0	0	0	0	0	0	0	1	0	0	0	0	0	0	0	0	0	0	10	9	0	0	0	0	0	0
fsh-generated/resources/Observation-RadicalProstatectomyMacroscopicLymphNodesPresent.json	1662	3	1	0	0	0	0	0	0	1	0	0	0	0	0	0	0	0	0	0	10	10	0	0	0	0	0	0
fsh-generated/resources/Observation-RadicalProstatectomyMacroscopicProstateDepth.json	1562	2	0	0	0	0	0	0	0	1	0	0	0	0	0	0	0	0	0	0	10	10	0	0	0	0	0	0
fsh-generated/resources/Observation-RadicalProstatectomyMacroscopicProstateHeight.json	1561	3	0	0	0	0	0	0	0	3	0	0	0	0	0	0	0	0	0	0	10	11	0	0	0	0	0	0
fsh-generated/resources/Observation-RadicalProstatectomyMacroscopicProstateWeight.json	1529	3	0	0	0	0	0	0	0	1	0	0	0	0	0	0	0	0	0	0	10	13	0	0	0	0	0	0
fsh-generated/resources/Observation-RadicalProstatectomyMacroscopicProstateWidth.json	1564	2	0	0	0	0	0	0	0	1	0	0	0	0	0	0	0	0	0	0	10	11	0	0	1	0	0	0
fsh-generated/resources/Observation-RadicalProstatectomyMacroscopicSeminalVesicleLength.json	1491	3	0	0	0	0	0	0	0	0	0	0	0	0	0	0	0	0	0	0	10	12	0	0	0	0	0	0
fsh-generated/resources/Observation-RadicalProstatectomyMacroscopicSeminalVesiclesPresent.json	1667	3	0	0	0	0	0	0	0	2	0	0	0	0	0	0	0	0	0	0	10	10	0	0	0	0	0	0
fsh-generated/resources/Observation-RadicalProstatectomyMarginStatus.json	1501	3	0	0	0	0	0	0	0	1	0	0	0	0	0	0	0	0	0	0	9	11	0	0	0	0	0	0
fsh-generated/resources/Observation-RadicalProstatectomyMaxTumorDiameter.json	1421	2	0	0	1	0	0	0	0	1	0	0	0	0	0	0	0	0	0	0	10	9	0	0	0	0	0	0
fsh-generated/resources/Observation-RadicalProstatectomyMorphologyFreeText.json	1362	3	0	0	0	0	0	0	0	0	0	0	0	0	0	0	0	0	0	0	10	10	0	0	0	0	0	0
fsh-generated/resources/Observation-RadicalProstatectomyPSAPostoperative.json	1167	3	0	0	0	0	0	0	1	1	0	0	0	0	0	0	0	0	0	0	9	8	0	0	0	0	0	0
fsh-generated/resources/Observation-RadicalProstatectomyPercentageGleason45.json	1406	3	0	0	0	0	0	0	0	0	0	0	0	0	0	0	0	0	0	0	9	12	0	0	0	0	0	1
fsh-generated/resources/Observation-RadicalProstatectomyPerineuralInfiltration.json	1466	2	0	0	0	0	0	0	0	1	0	0	0	0	0	0	0	0	0	0	10	12	0	0	0	0	0	0
fsh-generated/resources/Observation-RadicalProstatectomyPrimaryGleasonPattern.json	1748	3	0	0	0	0	0	0	0	0	0	0	0	0	0	0	0	0	0	0	11	12	0	0	0	0	0	0
fsh-generated/resources/Observation-RadicalProstatectomyProstaticTissueInvolved.json	1462	3	0	0	0	0	0	0	0	1	0	0	0	0	0	0	0	0	0	0	10	11	0	0	0	0	0	0
fsh-generated/resources/Observation-RadicalProstatectomySecondaryGleasonPattern.json	1754	2	0	0	0	0	0	0	0	1	0	0	0	0	0	0	0	0	0	0	10	10	0	0	0	0	0	0
fsh-generated/resources/Observation-RadicalProstatectomySeminalVesicleInvasion.json	1490	3	0	0	0	0	0	0	0	0	0	0	0	0	0	0	0	0	0	0	10	10	0	0	0	0	0	0
fsh-generated/resources/Observation-RadicalProstatectomyTNMpN.json	1449	3	0	0	0	0	0	0	0	1	0	0	0	0	0	0	0	0	0	0	9	11	0	0	0	0	0	0
fsh-generated/resources/Observation-RadicalProstatectomyTNMpT.json	1469	2	0	0	0	0	0	0	0	0	0	0	0	0	0	0	0	0	0	0	10	11	0	0	0	0	0	0
fsh-generated/resources/Observation-TransurethralEnucleationDiagnosticConclusionGrouper.json	3056	3	0	0	0	0	0	0	0	2	0	0	0	0	0	0	0	0	0	0	15	17	0	0	0	0	0	0
fsh-generated/resources/Observation-TransurethralEnucleationExtraprostaticExtension.json	1551	2	0	0	0	0	0	0	0	0	0	0	0	0	0	0	0	0	0	0	11	9	0	0	0	0	0	0
fsh-generated/resources/Observation-TransurethralEnucleationGleasonScoreTotal.json	1847	3	0	0	0	0	0	0	0	1	0	0	0	0	0	0	0	0	0	0	13	9	0	0	0	0	0	0
fsh-generated/resources/Observation-TransurethralEnucleationGradingGroupISUP.json	1962	3	0	0	0	0	0	0	0	1	0	0	0	0	0	0	0	0	0	0	18	10	0	0	0	0	0	0
fsh-generated/resources/Observation-TransurethralEnucleationHistologicalTypeICDO3.json	1477	3	0	0	0	0	0	0	0	1	0	0	0	0	0	0	0	0	0	0	12	10	0	0	0	0	0	0
fsh-generated/resources/Observation-TransurethralEnucleationIntraductalCarcinoma.json	1506	2	0	0	1	0	0	0	0	0	0	0	0	0	0	0	0	0	0	0	11	9	0	0	0	0	0	0
fsh-generated/resources/Observation-TransurethralEnucleationInvasiveCribriformCarcinoma.json	1549	3	0	0	0	0	0	0	0	1	0	0	0	0	0	0	0	0	0	0	12	9	0	0	0	0	0	0
fsh-generated/resources/Observation-TransurethralEnucleationLymphovascularInvasion.json	1511	3	0	0	0	0	0	0	0	1	0	0	0	0	0	0	0	0	0	0	11	10	0	0	0	0	0	0
fsh-generated/resources/Observation-TransurethralEnucleationMacroscopicDepth.json	1590	3	0	0	0	0	0	0	0	0	0	0	0	0	0	0	0	0	0	0	10	8	0	0	0	0	0	0
fsh-generated/resources/Observation-TransurethralEnucleationMacroscopicGrouper.json	1906	3	0	0	0	0	0	0	0	1	0	0	0	0	0	0	0	0	0	0	13	10	0	0	0	0	0	0
fsh-generated/resources/Observation-TransurethralEnucleationMacroscopicLength.json	1610	2	0	0	0	0	0	0	1	1	0	0	0	0	0	0	0	0	0	0	10	8	0	0	0	0	0	0
fsh-generated/resources/Observation-TransurethralEnucleationMacroscopicLymphNodeDissection.json	1681	3	0	0	0	0	0	0	0	1	0	0	0	0	0	0	0	0	0	0	12	8	0	0	0	0	0	0
fsh-generated/resources/Observation-TransurethralEnucleationMacroscopicSeminalVesicles.json	1668	3	0	0	0	0	0	0	0	0	0	0	0	0	0	0	0	0	0	0	11	9	0	0	0	0	0	0
fsh-generated/resources/Observation-TransurethralEnucleationMacroscopicWeight.json	1574	2	0	0	0	0	0	0	0	1	0	0	0	0	0	0	0	0	0	0	18	8	0	0	0	0	0	0
fsh-generated/resources/Observation-TransurethralEnucleationMacroscopicWidth.json	1609	3	0	0	0	0	0	0	0	1	0	0	0	0	0	0	0	0	0	0	37	8	0	0	0	0	0	0
fsh-generated/resources/Observation-TransurethralEnucleationMorphologyFreeText.json	1480	3	0	0	0	0	0	0	0	0	0	0	0	0	0	0	0	0	0	0	11	10	0	0	0	0	0	0
fsh-generated/resources/Observation-TransurethralEnucleationPSAPre.json	1290	2	0	0	0	0	0	0	0	1	0	0	0	0	0	0	0	0	0	0	11	8	0	0	0	0	0	0
fsh-generated/resources/Observation-TransurethralEnucleationPercentageGleason45.json	1422	3	0	0	0	0	0	0	0	0	0	0	0	0	0	0	0	0	0	0	11	10	0	0	0	0	0	0
fsh-generated/resources/Observation-TransurethralEnucleationPerineuralInfiltration.json	1484	3	0	0	0	0	0	0	0	1	0	0	0	0	0	0	0	0	0	0	11	8	0	0	0	0	0	0
fsh-generated/resources/Observation-TransurethralEnucleationPrimaryGleasonPattern.json	1764	2	0	0	0	0	0	0	0	0	0	0	0	0	0	0	0	0	0	0	13	10	0	0	0	0	0	0
fsh-generated/resources/Observation-TransurethralEnucleationProstaticTissueInvolved.json	1462	3	0	0	0	0	0	0	0	2	0	0	0	0	0	0	0	0	0	0	10	8	0	0	0	0	0	0
fsh-generated/resources/Observation-TransurethralEnucleationSecondaryGleasonPattern.json	1770	3	0	0	1	0	0	0	0	0	0	0	0	0	0	0	0	0	0	0	11	9	0	0	0	0	0	0
fsh-generated/resources/Observation-TransurethralEnucleationSeminalVesicleInvasion.json	1508	3	0	0	0	0	0	0	0	1	0	0	0	0	0	0	0	0	0	0	10	9	0	0	0	0	0	0
fsh-generated/resources/Observation-TransurethralResectionBPHNodularity.json	1401	2	0	0	0	0	0	0	0	1	0	0	0	0	0	0	0	0	0	0	10	9	0	0	0	0	0	0
fsh-generated/resources/Observation-TransurethralResectionDiagnosticConclusionGrouper.json	1746	3	0	0	0	0	0	0	0	0	0	0	0	0	0	0	0	0	0	0	11	9	0	0	0	0	0	0
fsh-generated/resources/Observation-TransurethralResectionHistologicalDiagnosis.json	1435	3	0	0	0	0	0	0	0	1	0	0	0	0	0	0	0	0	0	0	11	8	0	0	0	0	0	0
fsh-generated/resources/Observation-TransurethralResectionInflammation.json	1578	2	0	0	0	0	0	0	0	0	0	0	0	0	0	0	0	0	0	0	11	9	0	0	0	0	0	0
fsh-generated/resources/Observation-TransurethralResectionMacroscopicGrouper.json	1585	3	0	0	0	0	0	0	0	1	0	0	0	0	0	0	0	0	0	0	11	10	0	0	0	0	0	0
fsh-generated/resources/Observation-TransurethralResectionMacroscopicLymphNodeDissection.json	1673	3	0	0	0	0	0	0	0	1	0	0	0	0	0	0	0	0	0	0	10	8	0	0	0	0	0	0
fsh-generated/resources/Observation-TransurethralResectionMacroscopicSeminalVesicles.json	1660	3	0	0	0	0	0	0	0	0	0	0	0	0	0	0	0	0	0	0	12	11	0	0	0	0	0	0
fsh-generated/resources/Observation-TransurethralResectionMacroscopicWeight.json	1560	2	0	0	0	0	0	0	1	1	0	0	0	0	0	0	0	0	0	0	9	9	0	0	0	0	0	0
fsh-generated/resources/Observation-TransurethralResectionPSAPre.json	1288	3	0	0	0	0	0	0	0	0	0	0	0	0	0	0	0	0	0	0	10	8	0	0	0	0	0	0
fsh-generated/resources/Organization-PathologyLabOrganization.json	230	3	0	0	0	0	0	0	0	0	0	0	0	0	0	0	0	0	0	0	7	7	0	0	0	0	0	0
fsh-generated/resources/Patient-Patient1.json	320	3	0	0	0	0	0	0	0	0	0	0	0	0	0	0	0	0	0	0	7	6	0	0	0	0	0	0
fsh-generated/resources/Patient-Patient2.json	321	2	0	0	0	0	0	0	0	0	0	0	0	0	0	0	0	0	0	0	7	7	0	0	0	0	0	0
fsh-generated/resources/Patient-Patient3.json	320	3	0	0	0	0	0	0	0	1	0	0	0	0	0	0	0	0	0	0	6	7	0	0	0	0	0	0
fsh-generated/resources/Practitioner-PathologistPractitioner.json	568	3	0	0	0	0	0	0	0	0	0	0	0	0	0	0	0	0	0	0	8	8	0	0	0	0	0	0
fsh-generated/resources/Practitioner-UrologistPractitioner.json	567	2	0	0	0	0	0	0	0	0	0	0	0	0	0	0	0	0	0	0	7	7	0	0	0	0	0	0
fsh-generated/resources/Procedure-TransurethralEnucleationProcedure.json	1224	3	0	0	1	0	0	0	0	2	0	0	0	0	0	0	0	0	0	0	9	9	0	0	0	0	0	0
fsh-generated/resources/Procedure-TransurethralResectionProcedure.json	1270	3	0	0	0	0	0	0	0	0	0	0	0	0	0	0	0	0	0	0	9	9	0	0	0	0	0	0
fsh-generated/resources/QuestionnaireResponse-QuestionnaireResponseCoreNeedleBiopsyCase.json	14578	2	0	0	0	0	0	0	0	9	0	0	0	0	0	0	0	0	0	0	80	20	0	0	0	0	0	0
fsh-generated/resources/QuestionnaireResponse-QuestionnaireResponseCoreNeedleBiopsySingle01.json	8797	3	0	0	0	0	0	0	0	1	0	0	0	0	0	0	0	0	0	0	53	15	0	0	0	0	0	0
fsh-generated/resources/QuestionnaireResponse-QuestionnaireResponseCoreNeedleBiopsySingle02.json	9296	3	0	0	0	0	0	0	0	0	0	0	0	0	0	0	0	0	0	0	58	12	0	0	0	0	0	0
fsh-generated/resources/QuestionnaireResponse-QuestionnaireResponseCoreNeedleBiopsySingle03.json	5080	3	0	0	0	0	0	0	1	1	0	0	0	0	0	0	0	0	0	0	38	11	0	0	0	0	0	0
fsh-generated/resources/QuestionnaireResponse-QuestionnaireResponseCoreNeedleBiopsySingle04.json	8813	2	0	0	0	0	0	0	0	1	0	0	0	0	0	0	0	0	0	0	59	12	0	0	0	0	0	0
fsh-generated/resources/QuestionnaireResponse-QuestionnaireResponseCoreNeedleBiopsySingle05.json	5089	3	0	0	0	0	0	0	0	0	0	0	0	0	0	0	0	0	0	0	40	11	0	0	0	0	0	0
fsh-generated/resources/QuestionnaireResponse-QuestionnaireResponseCoreNeedleBiopsySingle06.json	5080	3	0	0	0	0	0	0	0	1	0	0	0	0	0	0	0	0	0	0	37	13	0	0	0	0	0	0
fsh-generated/resources/QuestionnaireResponse-QuestionnaireResponseCoreNeedleBiopsySingle07.json	7478	3	0	0	0	0	0	0	0	18	0	0	0	0	0	0	0	0	0	0	49	12	0	0	0	0	0	0
fsh-generated/resources/QuestionnaireResponse-QuestionnaireResponseCoreNeedleBiopsySingle08.json	3043	2	0	0	0	0	0	0	0	1	0	0	0	0	0	0	0	0	0	0	30	16	0	0	0	0	0	0
fsh-generated/resources/QuestionnaireResponse-QuestionnaireResponseCoreNeedleBiopsySingle09.json	3045	3	0	0	0	0	0	0	0	1	0	0	0	0	0	0	0	0	0	0	28	15	0	0	0	0	0	0
fsh-generated/resources/QuestionnaireResponse-QuestionnaireResponseCoreNeedleBiopsySingle10.json	3046	3	0	0	0	0	0	0	0	0	0	0	0	0	0	0	0	0	0	0	29	12	0	0	0	0	0	0
fsh-generated/resources/QuestionnaireResponse-QuestionnaireResponseCoreNeedleBiopsySingle11.json	3044	2	0	0	0	0	0	0	1	0	0	0	0	0	0	0	0	0	0	0	29	12	0	0	0	0	0	0
fsh-generated/resources/QuestionnaireResponse-QuestionnaireResponseCoreNeedleBiopsySingle12.json	3045	3	0	0	0	0	0	0	0	1	0	0	0	0	0	0	0	0	0	0	28	10	0	0	0	0	0	0
fsh-generated/resources/QuestionnaireResponse-QuestionnaireResponseRadicalProstatectomy.json	9462	3	0	0	0	0	0	0	0	2	0	0	0	0	0	0	0	0	0	0	57	14	0	0	0	0	0	0
fsh-generated/resources/QuestionnaireResponse-QuestionnaireResponseTransurethralEnucleation.json	3806	2	0	0	1	0	0	0	0	1	0	0	0	0	0	0	0	0	0	0	35	11	0	0	0	0	0	0
fsh-generated/resources/QuestionnaireResponse-QuestionnaireResponseTransurethralResection.json	3678	3	0	0	0	0	0	0	0	0	0	0	0	0	0	0	0	0	0	0	33	12	0	0	0	0	0	0
fsh-generated/resources/ServiceRequest-CoreNeedleBiopsyReportRequest.json	2672	3	0	0	0	0	0	0	0	2	0	0	0	0	0	0	0	0	0	0	14	19	0	0	0	0	0	0
fsh-generated/resources/ServiceRequest-RadicalProstatectomyReportRequest.json	1787	2	0	0	0	0	0	0	0	1	0	0	0	0	0	0	0	0	0	0	9	14	0	0	0	0	0	0
fsh-generated/resources/ServiceRequest-TransurethralEnucleationReportRequest.json	1972	3	0	0	0	0	0	0	0	0	0	0	0	0	0	0	0	0	0	0	10	16	0	0	0	0	0	0
fsh-generated/resources/ServiceRequest-TransurethralResectionReportRequest.json	1975	2	0	0	0	0	0	0	0	0	0	0	0	0	0	0	0	0	0	0	10	12	0	0	0	0	0	0
fsh-generated/resources/Specimen-CoreNeedleBiopsySpecimen01Block.json	2750	3	0	0	0	0	0	0	0	1	0	0	0	0	0	0	0	0	0	0	12	19	0	0	0	0	0	0
fsh-generated/resources/Specimen-CoreNeedleBiopsySpecimen01Part.json	3199	3	0	0	0	0	0	0	0	1	0	0	0	0	0	0	0	0	0	0	10	11	0	0	0	0	0	0
fsh-generated/resources/Specimen-CoreNeedleBiopsySpecimen01Slide.json	3594	2	0	0	0	0	0	0	1	0	0	0	0	0	0	0	0	0	0	0	12	10	0	0	0	0	0	0
fsh-generated/resources/Specimen-CoreNeedleBiopsySpecimen02Block.json	2750	3	0	0	0	0	0	0	0	1	0	0	0	0	0	0	0	0	0	0	11	9	0	0	0	0	0	0
fsh-generated/resources/Specimen-CoreNeedleBiopsySpecimen02Part.json	3236	3	0	0	0	0	0	0	0	0	0	0	0	0	0	0	0	0	0	0	12	11	0	0	0	0	0	0
fsh-generated/resources/Specimen-CoreNeedleBiopsySpecimen02Slide.json	3594	2	0	0	0	0	0	0	0	1	0	0	0	0	0	0	0	0	0	0	12	11	0	0	0	0	0	0
fsh-generated/resources/Specimen-CoreNeedleBiopsySpecimen03Block.json	2750	3	0	0	0	0	0	0	0	0	0	0	0	0	0	0	0	0	0	0	11	10	0	0	0	0	0	0
fsh-generated/resources/Specimen-CoreNeedleBiopsySpecimen03Part.json	3203	3	0	0	0	0	0	0	0	0	0	0	0	0	0	0	0	0	0	0	11	9	0	0	0	0	0	0
fsh-generated/resources/Specimen-CoreNeedleBiopsySpecimen03Slide.json	3594	2	0	0	0	0	0	0	0	1	0	0	0	0	0	0	0	0	0	0	13	8	0	0	0	0	0	0
fsh-generated/resources/Specimen-CoreNeedleBiopsySpecimen04Block.json	2750	3	0	0	0	0	0	0	0	0	0	0	0	0	0	0	0	0	0	0	11	12	0	0	0	0	0	0
fsh-generated/resources/Specimen-CoreNeedleBiopsySpecimen04Part.json	3228	3	0	0	0	0	0	0	0	0	0	0	0	0	0	0	0	0	0	0	11	10	0	0	0	0	0	0
fsh-generated/resources/Specimen-CoreNeedleBiopsySpecimen04Slide.json	3594	2	0	0	1	0	0	0	0	1	0	0	0	0	0	0	0	1	0	0	12	10	0	0	0	0	0	0
fsh-generated/resources/Specimen-CoreNeedleBiopsySpecimen05Block.json	2750	3	0	0	0	0	0	0	1	0	0	0	0	0	0	0	0	0	0	0	10	9	0	0	0	0	0	0
fsh-generated/resources/Specimen-CoreNeedleBiopsySpecimen05Part.json	3221	3	0	0	0	0	0	0	0	1	0	0	0	0	0	0	0	0	0	0	12	9	0	0	0	0	0	0
fsh-generated/resources/Specimen-CoreNeedleBiopsySpecimen05Slide.json	3594	2	0	0	0	0	0	0	0	0	0	0	0	0	0	0	0	0	0	0	11	9	0	0	0	0	0	0
fsh-generated/resources/Specimen-CoreNeedleBiopsySpecimen06Block.json	2750	3	0	0	0	0	0	0	0	0	0	0	0	0	0	0	0	0	0	0	11	9	0	0	0	0	0	0
fsh-generated/resources/Specimen-CoreNeedleBiopsySpecimen06Part.json	3251	2	0	0	0	0	0	0	0	1	0	0	0	0	0	0	0	0	0	0	11	9	0	0	0	0	0	0
fsh-generated/resources/Specimen-CoreNeedleBiopsySpecimen06Slide.json	3594	3	0	0	0	0	0	0	0	0	0	0	0	0	0	0	0	0	0	0	13	9	0	0	0	0	0	0
fsh-generated/resources/Specimen-CoreNeedleBiopsySpecimen07Block.json	2750	3	0	0	0	0	0	0	0	1	0	0	0	0	0	0	0	0	0	0	11	9	0	0	0	0	0	0
fsh-generated/resources/Specimen-CoreNeedleBiopsySpecimen07Part.json	3196	2	0	0	0	0	0	0	0	0	0	0	0	0	0	0	0	0	0	0	11	10	0	0	0	0	0	0
fsh-generated/resources/Specimen-CoreNeedleBiopsySpecimen07Slide.json	3594	3	0	0	0	0	0	0	0	0	0	0	0	0	0	0	0	0	0	0	14	9	0	0	0	0	0	0
fsh-generated/resources/Specimen-CoreNeedleBiopsySpecimen08Block.json	2750	3	0	0	0	0	0	0	0	1	0	0	0	0	0	0	0	0	0	0	18	10	0	0	0	0	0	0
fsh-generated/resources/Specimen-CoreNeedleBiopsySpecimen08Part.json	3235	2	0	0	0	0	0	0	0	0	0	0	0	0	0	0	0	0	0	0	12	9	0	0	0	0	0	0
fsh-generated/resources/Specimen-CoreNeedleBiopsySpecimen08Slide.json	3594	3	0	0	0	0	0	0	1	0	0	0	0	0	0	0	0	0	0	0	13	8	0	0	0	0	0	0
fsh-generated/resources/Specimen-CoreNeedleBiopsySpecimen09Block.json	2750	3	0	0	0	0	0	0	0	1	0	0	0	0	0	0	0	0	0	0	12	9	0	0	0	0	0	0
fsh-generated/resources/Specimen-CoreNeedleBiopsySpecimen09Part.json	3125	2	0	0	0	0	0	0	0	0	0	0	0	0	0	0	0	0	0	0	13	8	0	0	0	0	0	0
fsh-generated/resources/Specimen-CoreNeedleBiopsySpecimen09Slide.json	3594	3	0	0	0	0	0	0	0	0	0	0	0	0	0	0	0	0	0	0	13	9	0	0	0	0	0	1
fsh-generated/resources/Specimen-CoreNeedleBiopsySpecimen10Block.json	2750	3	0	0	0	0	0	0	0	1	0	0	0	0	0	0	0	0	0	0	13	9	0	0	0	0	0	0
fsh-generated/resources/Specimen-CoreNeedleBiopsySpecimen10Part.json	3229	2	0	0	1	0	0	0	0	0	0	0	0	0	0	0	0	0	0	0	12	9	0	0	0	0	0	0
fsh-generated/resources/Specimen-CoreNeedleBiopsySpecimen10Slide.json	3594	3	0	0	0	0	0	0	0	0	0	0	0	0	0	0	0	0	0	0	14	9	0	0	0	0	0	0
fsh-generated/resources/Specimen-CoreNeedleBiopsySpecimen11Block.json	2750	3	0	0	0	0	0	0	0	1	0	0	0	0	0	0	0	0	0	0	11	9	0	0	0	0	0	0
fsh-generated/resources/Specimen-CoreNeedleBiopsySpecimen11Part.json	3220	2	0	0	0	0	0	0	0	0	0	0	0	0	0	0	0	0	0	0	12	11	0	0	0	0	0	0
fsh-generated/resources/Specimen-CoreNeedleBiopsySpecimen11Slide.json	3594	3	0	0	0	0	0	0	0	1	0	0	0	0	0	0	0	0	0	0	12	11	0	0	0	0	0	0
fsh-generated/resources/Specimen-CoreNeedleBiopsySpecimen12Block.json	2750	2	0	0	0	0	0	0	0	0	0	0	0	0	0	0	0	0	0	0	12	12	0	0	0	0	0	0
fsh-generated/resources/Specimen-CoreNeedleBiopsySpecimen12Part.json	3249	3	0	0	0	0	0	0	1	0	0	0	0	0	0	0	0	0	0	0	12	11	0	0	0	0	0	0
fsh-generated/resources/Specimen-CoreNeedleBiopsySpecimen12Slide.json	3594	3	0	0	0	0	0	0	0	1	0	0	0	0	0	0	0	0	0	0	14	11	0	0	0	0	0	0
fsh-generated/resources/Specimen-RadicalProstatectomySpecimenBlock01.json	2688	2	0	0	0	0	0	0	0	0	0	0	0	0	0	0	0	0	0	0	13	11	0	0	0	0	0	0
fsh-generated/resources/Specimen-RadicalProstatectomySpecimenBlock02.json	2688	3	0	0	0	0	0	0	0	1	0	0	0	0	0	0	0	0	0	0	12	9	0	0	0	0	0	0
fsh-generated/resources/Specimen-RadicalProstatectomySpecimenBlock03.json	2688	3	0	0	0	0	0	0	0	0	0	0	0	0	0	0	0	0	0	0	12	9	0	0	0	0	0	0
fsh-generated/resources/Specimen-RadicalProstatectomySpecimenLymphNodeLeft.json	2967	2	0	0	0	0	0	0	0	1	0	0	0	0	0	0	0	0	0	0	11	11	0	0	0	0	0	0
fsh-generated/resources/Specimen-RadicalProstatectomySpecimenLymphNodeLeftBlock.json	2784	3	0	0	0	0	0	0	0	0	0	0	0	0	0	0	0	0	0	0	11	9	0	0	0	0	0	0
fsh-generated/resources/Specimen-RadicalProstatectomySpecimenLymphNodeLeftSlide01.json	3246	3	0	0	0	0	0	0	0	0	0	0	0	0	0	0	0	0	0	0	12	10	0	0	0	0	0	0
fsh-generated/resources/Specimen-RadicalProstatectomySpecimenLymphNodeLeftSlide02.json	3246	2	0	0	0	0	0	0	0	1	0	0	0	0	0	0	0	0	0	0	11	10	0	0	0	0	0	0
fsh-generated/resources/Specimen-RadicalProstatectomySpecimenLymphNodeRight.json	2970	3	0	0	0	0	0	0	0	0	0	0	0	0	0	0	0	0	0	0	12	9	0	0	0	0	0	0
fsh-generated/resources/Specimen-RadicalProstatectomySpecimenLymphNodeRightBlock.json	2786	3	0	0	0	0	0	0	0	0	0	0	0	0	0	0	0	0	0	0	12	9	0	0	0	0	0	0
fsh-generated/resources/Specimen-RadicalProstatectomySpecimenLymphNodeRightSlide01.json	3248	2	0	0	0	0	0	0	0	1	0	0	0	0	0	0	0	0	0	0	12	9	0	0	0	0	0	0
fsh-generated/resources/Specimen-RadicalProstatectomySpecimenLymphNodeRightSlide02.json	3248	3	0	0	1	0	0	0	0	0	0	0	0	0	0	0	0	0	0	0	16	10	0	0	0	0	0	0
fsh-generated/resources/Specimen-RadicalProstatectomySpecimenPart.json	2538	3	0	0	0	0	0	0	1	0	0	0	0	0	0	0	0	0	0	0	10	13	0	0	0	0	0	0
fsh-generated/resources/Specimen-RadicalProstatectomySpecimenSlide01A.json	2718	2	0	0	0	0	0	0	0	1	0	0	0	0	0	0	0	0	0	0	11	10	0	0	0	0	0	0
fsh-generated/resources/Specimen-RadicalProstatectomySpecimenSlide01B.json	2718	3	0	0	0	0	0	0	0	0	0	0	0	0	0	0	0	0	0	0	11	9	0	0	0	0	0	0
fsh-generated/resources/Specimen-RadicalProstatectomySpecimenSlide02A.json	2718	2	0	0	0	0	0	0	0	0	0	0	0	0	0	0	0	0	0	0	11	9	0	0	0	0	0	0
fsh-generated/resources/Specimen-RadicalProstatectomySpecimenSlide02B.json	2718	3	0	0	0	0	0	0	0	1	0	0	0	0	0	0	0	0	0	0	11	10	0	0	0	0	0	0
fsh-generated/resources/Specimen-RadicalProstatectomySpecimenSlide03A.json	2718	2	0	0	0	0	0	0	0	0	0	0	0	0	0	0	0	0	0	0	12	9	0	0	0	0	0	0
fsh-generated/resources/Specimen-RadicalProstatectomySpecimenSlide03B.json	2718	3	0	0	0	0	0	0	0	0	0	0	0	0	0	0	0	0	0	0	11	9	0	0	0	0	0	0
fsh-generated/resources/Specimen-TransurethralEnucleationSpecimenBlock01.json	2696	3	0	0	0	0	0	0	0	1	0	0	0	0	0	0	0	0	0	0	10	10	0	0	0	0	0	0
fsh-generated/resources/Specimen-TransurethralEnucleationSpecimenBlock02.json	2696	2	0	0	0	0	0	0	0	0	0	0	0	0	0	0	0	0	0	0	11	11	0	0	0	0	0	0
fsh-generated/resources/Specimen-TransurethralEnucleationSpecimenBlock03.json	2696	3	0	0	0	0	0	0	0	1	0	0	0	0	0	0	0	0	0	0	11	11	0	0	0	0	0	0
fsh-generated/resources/Specimen-TransurethralEnucleationSpecimenBlock04.json	2696	2	0	0	0	0	0	0	0	0	0	0	0	0	0	0	0	0	0	0	11	12	0	0	0	0	0	0
fsh-generated/resources/Specimen-TransurethralEnucleationSpecimenBlock05.json	2696	3	0	0	0	0	0	0	0	0	0	0	0	0	0	0	0	0	0	0	11	12	0	0	0	0	0	0
fsh-generated/resources/Specimen-TransurethralEnucleationSpecimenPart.json	2509	3	0	0	0	0	0	0	0	1	0	0	0	0	0	0	0	0	0	0	10	11	0	0	0	0	0	0
fsh-generated/resources/Specimen-TransurethralEnucleationSpecimenSlide01A.json	2726	2	0	0	0	0	0	0	0	1	0	0	0	0	0	0	0	0	0	0	11	10	0	0	0	0	0	0
fsh-generated/resources/Specimen-TransurethralEnucleationSpecimenSlide01B.json	2726	3	0	0	0	0	0	0	1	0	0	0	0	0	0	0	0	0	0	0	11	11	0	0	0	0	0	0
fsh-generated/resources/Specimen-TransurethralEnucleationSpecimenSlide02A.json	2726	3	0	0	0	0	0	0	0	0	0	0	0	0	0	0	0	0	0	0	10	11	0	0	0	0	0	0
fsh-generated/resources/Specimen-TransurethralEnucleationSpecimenSlide02B.json	2726	2	0	0	0	0	0	0	0	1	0	0	0	0	0	0	0	0	0	0	11	15	0	0	0	0	0	0
fsh-generated/resources/Specimen-TransurethralEnucleationSpecimenSlide03A.json	2726	3	0	0	0	0	0	0	0	0	0	0	0	0	0	0	0	0	0	0	11	15	0	0	0	0	0	0
fsh-generated/resources/Specimen-TransurethralEnucleationSpecimenSlide03B.json	2726	2	0	0	1	0	0	0	0	0	0	0	0	0	0	0	0	0	0	0	10	11	0	0	0	0	0	0
fsh-generated/resources/Specimen-TransurethralEnucleationSpecimenSlide04A.json	2726	3	0	0	0	0	0	0	0	1	0	0	0	0	0	0	0	0	0	0	16	11	0	0	0	0	0	0
fsh-generated/resources/Specimen-TransurethralEnucleationSpecimenSlide04B.json	2726	3	0	0	0	0	0	0	0	0	0	0	0	0	0	0	0	0	0	0	10	11	0	0	0	0	0	0
fsh-generated/resources/Specimen-TransurethralEnucleationSpecimenSlide05A.json	2726	2	0	0	0	0	0	0	0	0	0	0	0	0	0	0	0	0	0	0	11	10	0	0	0	0	0	0
fsh-generated/resources/Specimen-TransurethralEnucleationSpecimenSlide05B.json	2726	3	0	0	0	0	0	0	0	1	0	0	0	0	0	0	0	0	0	0	10	11	0	0	0	0	0	0
fsh-generated/resources/Specimen-TransurethralResectionSpecimenBlock01.json	2692	3	0	0	0	0	0	0	0	2	0	0	0	0	0	0	0	0	0	0	11	12	0	0	0	0	0	0
fsh-generated/resources/Specimen-TransurethralResectionSpecimenBlock02.json	2692	2	0	0	0	0	0	0	0	1	0	0	0	0	0	0	0	0	0	0	11	10	0	0	0	0	0	0
fsh-generated/resources/Specimen-TransurethralResectionSpecimenBlock03.json	2692	3	0	0	0	0	0	0	0	0	0	0	0	0	0	0	0	0	0	0	11	11	0	0	0	0	0	0
fsh-generated/resources/Specimen-TransurethralResectionSpecimenBlock04.json	2692	3	0	0	0	0	0	0	0	1	0	0	0	0	0	0	0	0	0	0	12	11	0	0	0	0	0	0
fsh-generated/resources/Specimen-TransurethralResectionSpecimenBlock05.json	2692	2	0	0	0	0	0	0	0	0	0	0	0	0	0	0	0	0	0	0	12	10	0	0	0	0	0	0
fsh-generated/resources/Specimen-TransurethralResectionSpecimenPart.json	2519	3	0	0	0	0	0	0	1	1	0	0	0	0	0	0	0	0	0	0	10	12	0	0	0	0	0	0
fsh-generated/resources/Specimen-TransurethralResectionSpecimenSlide01A.json	2722	3	0	0	0	0	0	0	0	0	0	0	0	0	0	0	0	0	0	0	12	10	0	0	0	0	0	0
fsh-generated/resources/Specimen-TransurethralResectionSpecimenSlide01B.json	2722	2	0	0	0	0	0	0	0	0	0	0	0	0	0	0	0	0	0	0	11	10	0	0	0	0	0	0
fsh-generated/resources/Specimen-TransurethralResectionSpecimenSlide02A.json	2722	3	0	0	0	0	0	0	0	1	0	0	0	0	0	0	0	0	0	0	11	11	0	0	0	0	0	0
fsh-generated/resources/Specimen-TransurethralResectionSpecimenSlide02B.json	2722	3	0	0	0	0	0	0	0	0	0	0	0	0	0	0	0	0	0	0	10	11	0	0	0	0	0	0
fsh-generated/resources/Specimen-TransurethralResectionSpecimenSlide03A.json	2722	2	0	0	0	0	0	0	0	0	0	0	0	0	0	0	0	0	0	0	12	10	0	0	0	0	0	0
fsh-generated/resources/Specimen-TransurethralResectionSpecimenSlide03B.json	2722	3	0	0	0	0	0	0	0	0	0	0	0	0	0	0	0	0	0	0	11	10	0	0	0	0	0	0
fsh-generated/resources/Specimen-TransurethralResectionSpecimenSlide04A.json	2722	2	0	0	0	0	0	0	0	1	0	0	0	0	0	0	0	0	0	0	12	9	0	0	0	0	0	0
fsh-generated/resources/Specimen-TransurethralResectionSpecimenSlide04B.json	2722	3	0	0	0	0	0	0	0	0	0	0	0	0	0	0	0	0	0	0	13	9	0	0	0	0	0	0
fsh-generated/resources/Specimen-TransurethralResectionSpecimenSlide05A.json	2722	3	0	0	1	0	0	0	0	0	0	0	0	0	0	0	0	0	0	0	12	10	0	0	0	0	0	0
fsh-generated/resources/Specimen-TransurethralResectionSpecimenSlide05B.json	2722	2	0	0	0	0	0	0	0	1	0	0	0	0	0	0	0	0	0	0	11	9	0	0	0	0	0	0
/fsh-generated/includes/fsh-link-references.md	37244	-	-	-	0	0	0	0	0	0	0	0	0	0	0	0	0	0	0	0	0	1	0	0	0	0	0	0
/fsh-generated/includes/menu.xml	4806	-	-	-	0	0	0	0	0	0	0	0	0	0	0	0	0	0	0	0	0	0	0	0	0	0	0	0
/input/pagecontent/tur-enucleation-specimens.md	2137	-	-	-	0	0	0	0	0	0	0	0	0	0	0	0	0	0	0	0	0	0	0	0	0	0	0	0
/input/pagecontent/clinical-context.md	20555	-	-	-	0	0	0	0	0	0	0	0	0	0	0	0	0	0	0	0	0	1	0	0	0	0	0	0
/input/pagecontent/biopsy-specimens.md	3631	-	-	-	0	0	0	0	0	0	0	0	0	0	0	0	0	0	0	0	0	0	0	0	0	0	0	0
/input/pagecontent/index.md	6280	-	-	-	0	0	0	0	0	0	0	0	0	0	0	0	0	0	0	0	0	1	0	0	0	0	0	0
/input/pagecontent/motivation.md	4148	-	-	-	0	0	0	0	0	0	0	0	0	0	0	0	0	0	0	0	0	0	0	0	0	0	0	0
/input/pagecontent/tur-resection-specimens.md	2045	-	-	-	0	0	0	0	0	0	0	0	0	0	0	0	0	0	0	0	0	0	0	0	0	0	0	0
/input/pagecontent/prostatectomy-specimens.md	1323	-	-	-	0	0	0	0	0	0	0	0	0	0	0	0	0	0	0	0	0	0	0	0	0	0	0	0
/input/pagecontent/document-viewer.xml	4894	-	-	-	0	0	0	0	0	0	0	0	0	0	0	0	0	0	0	0	0	13	0	0	0	0	0	0
/template/config	0	-	-	-	0	0	0	0	0	0	0	0	0	0	0	0	0	0	0	0	0	0	0	0	0	0	0	0
/template/config/_config.yml	140	-	-	-	0	0	0	0	0	0	0	0	0	0	0	0	0	0	0	0	0	0	0	0	0	0	0	0
/input/images	0	-	-	-	0	0	0	0	0	0	0	0	0	0	0	0	0	0	0	0	0	0	0	0	0	0	0	0
/input/images/document-viewer.js	11218	-	-	-	0	0	0	0	0	0	0	0	0	0	0	0	0	0	0	0	0	0	0	0	0	0	0	0
/temp/pages/_includes/artifacts.xml	164062	-	-	-	-	-	-	-	-	-	-	-	-	-	-	-	-	-	-	-	-	3	0	0	0	0	0	0
